newsletter_subscriber_id,email,name,subscribed_at,unsubscribe_token,is_active
1,dawsonl1@byu.edu,,2026-02-16 00:00:00+00,2e958ecb8b104f1288ced76c789d91e4,t
2,pitcherdawson12@gmail.com,,2026-02-16 00:00:00+00,546789a1712049f097ddb8ee518d9021,t
3,maijamorr@gmail.com,,2026-02-16 00:00:00+00,f65ba97f03dc4bbda3c7dff2f95b1c29,t
4,brytonjgustin@gmail.com,,2026-02-16 00:00:00+00,739b7e40a7024dc8a7cf6f417fcc632d,t
5,brytonjg@byu.edu,,2026-02-16 00:00:00+00,d6beb280c23a4e9b8c7aafc674388f76,t
6,danielbraithwaite73@gmail.com,,2026-02-16 00:00:00+00,0efbfe7c051644efbc9b4683ac02968c,t
7,bryce.b.colton@gmail.com,,2026-02-16 00:00:00+00,e755fcfc7c144b6d997a3f766956ffbc,t
8,donor@beaconofhope.org,,2026-02-16 00:00:00+00,c119bbd4ac9f4b0b8611db7de66f8a83,t
9,test-audit@example.com,,2026-02-16 00:00:00+00,e8ee13c8ece4465dbd79c6f3339b0677,t
